uname,filename,status,fullname,affil
mahamadun,,,"Mr. Mahamadun Hasan","Physics, Aliah University"
sakshipu,,,"Ms. Sakshi Sharma","Department of Phyiscs, Panjab University"
samiksha,paper329.pdf,Poster,"Ms. Samiksha Sood","Department of Phyiscs, Panjab University"
rajesh,paper180.pdf,Poster,"Mr. Rajesh Ganai"," , GSI Helmholtzzentrum fur Schwerionenforschung GmbH"
vish2491,paper131.pdf,Poster,"Mr. Vishnu  C V","Department of Physics, University of Calicut"
pratipm,paper036.pdf,Poster,"Mr. Pratip Mitra","Radiation Safety Systems Division, Bhabha Atomic Research Centre"
aniket,,,"Mr. Majumdar Aniket","Physics, Jadavpur University"
rajat710,paper049.pdf,Poster,"Mr. Rajat Gupta","Department of Physics, University of Jammu"
surbhi,paper050.pdf,Poster,"Ms. Surbhi Gupta","Department of Physics, University of Jammu"
viren77,paper359.pdf,Poster,"Mr. Virender Thakur","Department of Physics, Himachal Pradesh University"
arun165,,,"Mr. Arun Gupta","Department of Physics, University of Jammu"
ridham4,,,"Ms. Ridham Bakshi","Department of Physics, University of Jammu"
atyagi44,,,"Dr. Ajay Kumar","Department of Physics, Banaras Hindu University"
nilima,paper041.pdf,Poster,"Ms. Indrani Nilima","Centre for Applied Physics, Central University of Jharkhand"
shilpu1404,paper166.pdf,Poster,"Ms. Shilpa Rana","Physics and Astronomical Sciences, Central University of Himachal Pradesh"
jisun,paper095.pdf,Poster,"Ms. Sunita Sahoo","Astroparticle Physics & Cosmology, Saha Institute of Nuclear Physics"
shan1234,paper406.pdf,Poster,"Mr. P.T Muhammed Shan","Department of Physics, University of Calicut"
umakant,,,"Mr. Umakant Lamani","Department of Physics, Indian Institute of Technology Bombay"
aman46582,paper232.pdf,Poster,"Ms. Aman  Deep","Department of Physics, Kurukshetra University"
ranabir,paper030.pdf,Poster,"Mr. Ranabir Banik","Physics Group, Variable Energy Cyclotron Centre"
salmasalma,,,"Ms. R V Salma Ibrahim","Department of Physics, University of Calicut"
rajeshmlpm,paper423.pdf,Poster,"Mr. K.K. Rajesh","Department of Physics, University of Calicut"
venktesh,paper043.pdf,Poster,"Dr. Venktesh Singh","Department of Physics, Banaras Hindu University"
anjali_agg,,,"Ms. Anjali Aggarwal"," , Jagiellonian University"
udai,paper234.pdf,Poster,"Mr. Udai Singh"," , Jagiellonian University"
rajni89,paper014.pdf,ThesisPoster,"Ms.  Rajni","School of Physics & Material Science, Thapar University"
031179,paper051.pdf,Poster,"Mr. Vikas Katoch","Nuclear Physics, Rkgit/ Uptu"
satheesh,paper137.pdf,Poster,"Mr. B. Satheesh","Department of Physics, Mahatma Gandhi. Govt. Arts College"
captain,paper335.pdf,Poster,"Mr. Captain Rituraj Singh","Department of Physics, Birla Institute of Technology & Science"
smukherjee,,,"Dr. Surjit Mukherjee","Department of Physics, The Maharaja Sayajirao University of Baroda"
a.gandhi,paper272.pdf,Poster,"Mr. Aman  Gandhi ","Department of Physics, Banaras Hindu University"
dineshsri,,,"Dr. Dinesh Srivastava","Physics Group, Variable Energy Cyclotron Centre"
arunabhas,paper083.pdf,ThesisPoster,"Dr. Arunabha Saha","Physics Group, Variable Energy Cyclotron Centre"
khamosh,paper229.pdf,Poster,"Ms. Khamosh Yadav","Department of Physics, Indian Institute of Technology Roorkee"
sucheta,paper341.pdf,Poster,"Ms. Sucheta Duhan","Department of Phyiscs, Panjab University"
rajnikant,paper170.pdf,Poster,"Mr. Rajnikant Makwana","Department of Physics, The Maharaja Sayajirao University of Baroda"
ragansidhu,,,"Mr. Ragandeep Singh Sidhu"," , GSI Helmholtzzentrum fur Schwerionenforschung GmbH"
niraj,paper059.pdf,Poster,"Mr. Niraj Kumar Rai","Department of Physics, Banaras Hindu University"
tuhinmalik,paper667.pdf,Poster,"Mr. Tuhin Malik"," , Birla Institute of Technology & Science Pilani"
dhruvm,paper186.pdf,Poster,"Mr. Dhruv Mulmule","Nuclear Physics Division, Bhabha Atomic Research Centre"
amitsarad,paper255.pdf,Poster,"Mr. Amit Kumar"," , govt.college for Women^ Gandhi Nagar^ Jammu^J&K"
harikrish,,,"Mr. N Harikrishnan","Physics, Government Arts College"
mittalhm1,paper065.pdf,Poster,"Dr. H.M. Mittal","Department of Physics, Dr B. R. Ambedkar National Institute of Technology"
ravisankar,,,"Prof. Ravi Sankar","Physics, Government Arts College"
vanamali,paper025.pdf,Poster,"Mr. C S Vanamali","Physics Department, Mangalore University"
nupadhyay,paper297.pdf,Poster,"Dr. N. J. Upadhyay","School of Physical Sciences, Um-Dae Centre for Excellence in Basic Sciences"
sidamu,paper183.pdf,Poster,"Mr. Siddharth Parashari","Department of Physics, The Maharaja Sayajirao University of Baroda"
ss168,paper222.pdf,Poster,"Mr. Saket Suman","Physics, Centre for Excellence in Basic Sciences"
d18ph006,paper248.pdf,Poster,"Mr. Rohit Tiwari","Applied Physics Department, Sardar Vallabhbhai National Institute of Technology"
susnata11,paper067.pdf,Poster,"Ms. Susnata Seth","Astroparticle Physics & Cosmology, Saha Institute of Nuclear Physics"
keval,paper057.pdf,Poster,"Mr. Keval Gandhi","Applied Physics Department, Sardar Vallabhbhai National Institute of Technology"
deshmukh,paper354.pdf,Poster,"Dr. Nikit Deshmukh","Nuclear Physics Division, Saha Institute of Nuclear Physics"
jaimin,paper185.pdf,Poster,"Mr. Jaimin Acharya","Department of Physics, The Maharaja Sayajirao University of Baroda"
bhoomika,paper071.pdf,Poster,"Ms. Bhoomika Maheshwari"," , Independent Researcher"
viren,paper176.pdf,Poster,"Mr. Virender Ranga","Department of Physics, Indian Institute of Technology Roorkee"
drsuneel,paper074.pdf,Poster,"Prof. Suneel Kumar","Physics, Central University of Haryana"
amanmarley,paper078.pdf,Poster,"Mr. Aman Sharma","Department of Physics, Banaras Hindu University"
shyam,paper334.pdf,Poster,"Mr. Ghnashyam Gupta","Department of Nuclear & Atomic Physics, Tata Institute of Fundamental Research"
jebin,,,"Mr. Jebin Larosh","Department of Physics, Manonmaniam Sundaranar University"
rameez,,,"Mr. Rameez Ahmad Parra","Department of Physics, Jamia Millia Islamia"
sangeeta,paper659.pdf,ThesisPoster,"Ms. Sangeeta Arora","School of Physics & Material Science, Thapar University"
waseem1234,,,"Dr. Waseem Bashir","Department of Physics, Jamia Millia Islamia"
nirmal,paper133.pdf,Poster,"Mr. Nirmal Ray","Technical Physics Division, Bhabha Atomic Research Centre"
amlan,paper190.pdf,Poster,"Dr. Amlan Ray","Experimental Physics Group, Variable Energy Cyclotron Centre"
manojamu76,paper097.pdf,Poster,"Dr. Manoj Sharma"," , S. V. College"
nanda,,,"Mr. Hamid Nanda","Department of Physics, Jamia Millia Islamia"
dukhishyam,paper105.pdf,Poster,"Mr. Dukhishyam Mallick","School of Physical Sciences, National Institute of Science Education and Research"
poonam,paper106.pdf,Poster,"Ms. Poonam Jain","Amity Institute of Nuclear Science and Technology, Amity University^ Noida"
yogesh,paper338.pdf,Poster,"Mr. Yogesh Kumar","Department of Physics, Deshbandhu College^ University of Delhi"
deepshikha,,,"Ms. Deep Shikha","Spms, Thapar University"
kvijaysai,paper109.pdf,Poster,"Dr. K. Vijay Sai","Department of Physics, Sri Sathya Sai Institute of Higher Learning"
arunjain,,,"Dr. Arun K. Jain","Nuclear Physics Division, Bhabha Atomic Research Centre"
chetan01,paper590.pdf,Poster,"Mr. Chetan Sharma","Department of Phyiscs, Panjab University"
afaash,paper135.pdf,Poster,"Mr. Afaash Mohammad","Accelerator Control Division, Bhabha Atomic Research Centre"
acvisakh,paper430.pdf,Poster,"Mr. A.C. Visakh","Department of Physics, Central University of Kerala"
singhkp,,,"Prof. K P Singh","Department of Phyiscs, Panjab University"
kjha454,paper286.pdf,Poster,"Mr. Kanhaiya Jha","Physics, Indian Institute of Technology Ropar"
nazahmad,paper601.pdf,Poster,"Dr. Nazeer Ahmad","Department of Applied Physics, Aligarh Muslim University"
safikul,paper604.pdf,Poster,"Mr. Shaikh Safikul Alam","Physics Group, Variable Energy Cyclotron Centre"
raghav,paper120.pdf,Poster,"Mr. Raghav Chaturvedi","Applied Physics Department, Sardar Vallabhbhai National Institute of Technology"
shabirdar,paper029.pdf,Poster,"Mr. Shabir Ahmad Dar","Physics Group, Variable Energy Cyclotron Centre"
pwnkumar,paper125.pdf,Poster,"Mr. Pawan Kumar","Physics, Indian Institute of Technology Ropar"
du.neelam,paper471.pdf,Poster,"Ms.  Neelam","Department of Physics & Astrophysics, University of Delhi"
vinodkumar,paper126.pdf,Poster,"Prof. P C Vinodkumar","Department of Physics, Sardar Patel University"
bharti,,,"Dr. Arun Bharti","Department of Physics, University of Jammu"
tanvi,paper134.pdf,Poster,"Ms. Tanvikumari Bhavsar","Department of Physics, Sardar Patel University"
geetika,,,"Ms. Geetika Jain","Department of Physics & Astrophysics, University of Delhi"
khanmohsin,paper416.pdf,Poster,"Dr. M. Mohsin Khan","Department of Applied Physics, Aligarh Muslim University"
ananyak,paper138.pdf,Poster,"Ms. Ananya Kundu","Nuclear Physics Division, Bhabha Atomic Research Centre"
shuaibmohd,paper373.pdf,Poster,"Mr. Mohammad Shuaib","Department of Phyiscs, Aligarh Muslim University"
suhailtali,paper209.pdf,Poster,"Mr. Suhail Ahmad Tali","Department of Phyiscs, Aligarh Muslim University"
shivali,paper215.pdf,Poster,"Ms. Shivali Sharma","Department of Physics, University of Jammu"
drakhan,,,"Dr. Md. Abdul Khan"," , Aliah University"
manjuy904,paper179.pdf,Poster,"Ms. Manju Yadav","Department of Physics, Indian Institute of Technology Roorkee"
archana777,paper040.pdf,Poster,"Ms. Archana Saxena","Department of Physics, Indian Institute of Technology Roorkee"
agotiya,paper253.pdf,Poster,"Dr. V. K. Agotiya","Centre for Applied Physics, Central University of Jharkhand"
sentil,,,"Mr. M T Senthil Kannan","Department of Phyics, Bharathiar University"
bnjoshi,paper088.pdf,Poster,"Mr. Bhushan Joshi","Nuclear Physics Division, Bhabha Atomic Research Centre"
pbansal11,paper156.pdf,Poster,"Ms. Preeti Bansal","Department of Phyiscs, Panjab University"
nishchal,paper386.pdf,Poster,"Mr. Nishchal Dwivedi","Nuclear Physics Division, Bhabha Atomic Research Centre"
vijayantnp,paper155.pdf,Poster,"Mr. K. R. Vijayaraghavan","Department of Physics, Alagappa Chettiar College of Engineering and Technology"
sukanyade,paper160.pdf,Poster,"Ms. Sukanya De","Nuclear Physics Division, Bhabha Atomic Research Centre"
adash,paper159.pdf,Poster,"Dr. Ajay Kumar Dash","School of Physical Sciences, National Institute of Science Education and Research^ Hbni"
guri25,paper158.pdf,Poster,"Ms. Gurjit Kaur","School of Physics & Material Science, Thapar University"
nebil,paper660.pdf,ThesisPoster,"Ms. Neha Grover","School of Physics & Material Science, Thapar University"
kanishka18,paper069.pdf,Poster,"Ms. Kanishka Sharma","School of Physics & Material Science, Thapar University"
mani_voc,paper202.pdf,Poster,"Mr. S Subramanian","Physics, V. O. Chidambaram College"
saroj123,paper161.pdf,Poster,"Ms. Saroj Bishnoi","Technical Physics Division, Bhabha Atomic Research Centre"
hardev,paper541.pdf,Poster,"Dr. Hardev Singh","Department of Physics, Kurukshetra University"
honey,paper514.pdf,Poster,"Ms. Honey Arora","Department of Phyiscs, Panjab University"
awanish,paper246.pdf,Poster,"Mr. Awanish Kumar Bajpeyi"," , Rajiv Gandhi Institute of Petroleum Technology"
khushnood,paper182.pdf,Poster,"Dr. Khushnood Husain","Department of Physics, Jamia Millia Islamia"
charudev14,paper226.pdf,Poster,"Ms. Bharti Bhoy","Department of Physics, Indian Institute of Technology Roorkee"
pallavi91,paper189.pdf,Poster,"Ms. Pallavi Gupta","School of Physics & Material Science, Thapar University"
akranjan,paper191.pdf,Poster,"Dr. Akhilesh Ranjan","Department of Physics, Manipal Institute of Technology^ Manipal University"
umapathy,paper542.pdf,Poster,"Mr. G. R. Umapathy"," , Inter University Accelerator Centre"
ssharma,paper685.pdf,Unknown,"Dr. Sushil Sharma"," , Jagiellonian University"
jchhokar,paper300.pdf,Poster,"Ms. Jyoti Chhokar"," , Jagiellonian University"
p.p.,,,"Mr. P.P. Shukla","Applied Physics, m.j.p.rohilkhand University^Bareilly"
m.saleem,paper524.pdf,Poster,"Dr. M.Saleem Khan","Applied Physics, m.j.p.rohilkhand University^Bareilly"
bhanumd,paper205.pdf,Poster,"Dr. B.M. Dixit","Department of Physics, Shri Ramswaroop Memorial University"
shareefm,paper210.pdf,Poster,"Mr. M Shareef","Department of Physics, Central University of Kerala"
dae16_sm,paper211.pdf,Poster,"Ms. Shabnam Mohsina","Theoretical Physics Division, Variable Energy Cyclotron Centre"
dalip,paper220.pdf,Poster,"Dr. Dalip Singh Verma","Physics and Astronomical Sciences, Central University of Himachal Pradesh"
mdsamsul,paper385.pdf,Poster,"Mr. Md Samsul Islam","High Energy Nuclear and Particle Physics Division, Saha Institute of Nuclear Physics"
suram1,paper227.pdf,Poster,"Dr. Suram Singh","Department of Physics and Astronomical Sciences, Central University of Jammu"
dhanvir,,,"Mr. Dhanvir Singh","Department of Physics, University of Jammu"
nbehera,paper231.pdf,Poster,"Ms. Nirupama Behera","Department of Physics, Sambalpur University"
munna,paper290.pdf,Poster,"Mr. Munna Dan","Department of Physics, Indian Institute of Technology Roorkee"
sajad123,paper285.pdf,Poster,"Mr. Sajad Ali","Nuclear Physics Division, Saha Institute of Nuclear Physics"
harish,paper249.pdf,Poster,"Mr. Harish Kumar","Department of Phyiscs, Aligarh Muslim University"
vrnsvd,,,"Mr. Varun Savadi","Physics, University of Petroleum and Energy Studies"
ilajoshi,paper256.pdf,Poster,"Ms. Ila Joshi","Department of Physics, Kumaun University"
kalyan_dey,,,"Mr. Kalyan Dey","Department of Physics, Bodoland University"
avibcb,paper422.pdf,Poster,"Dr. Avinash Agarwal","Department of Physics, Bareilly College"
sp266413,paper261.pdf,Poster,"Mr. Som Nath Paneru","Physics and Astronomy, Ohio University"
hashimamu,paper265.pdf,Poster,"Mr. Hashim Mir","Department of Physics, Islamic University of Science and Technology"
vipinsep25,,,"Mr.  Vipin Naik N S","Physics, St. Philomena College"
pradyumna,,,"Mr. Pradyumna Sethy","Physics, Kirorimal College^ University of Delhi^ Delhi"
pbapatdae,paper432.pdf,Poster,"Dr. Prasad N Bapat","Department of Physics, Vivekananda College of Engineering and Technology"
singh,paper197.pdf,Poster,"Dr. Birbikram Singh"," , Sri Guru Granth Sahib World University"
vyas,paper245.pdf,Poster,"Mr. Ankit Kumar","Department of Physics, Indian Institute of Technology Roorkee"
arvindiiti,paper497.pdf,Poster,"Mr. Arvind Khuntia","Department of Physics, Indian Institute of Technology Indore"
isha,,,"Ms. Isha Desai","Department of Physics, Veer Narmad South Gujarat University"
sheetalr,paper364.pdf,Poster,"Ms. Sheetal Rawat","Department of Physics, Indian Institute of Technology Roorkee"
ikram,paper294.pdf,Poster,"Mr. Mohammad Ikram","Department of Phyiscs, Aligarh Muslim University"
annugupta,paper632.pdf,Poster,"Ms. Anu Radha Gupta","Department of Physics, University of Jammu"
mayaz.alig,paper303.pdf,Poster,"Dr. Mohammad Ayaz Ahmad","Physics Department, University of Tabuk"
ajeet@1234,paper313.pdf,Poster,"Mr. Ajeet Singh"," , Rajiv Gandhi Institute of Petroleum Technology"
pphy17001,,,"Mr. Akhilesh Yadav"," , Rajiv Gandhi Institute of Petroleum Technology"
abhiabhi,,,"Mr.  Abhishek","Department of Physics, Indian Institute of Technology Roorkee"
sgwahid,paper314.pdf,Poster,"Mr. S Gholam Wahid"," , UM-DAE Centre for Excellence In Basic Sciences"
rocky,paper316.pdf,Poster,"Mr. Nabendu Kumar Deb","Department of Physics, Gauhati University"
ishfaq333,paper317.pdf,Poster,"Mr. Ishfaq Ahmad Rather","Department of Phyiscs, Aligarh Muslim University"
vikas2710,,,"Mr. Vikas Patel","Applied Physics Department, Sardar Vallabhbhai National Institute of Technology"
rahimya666,paper321.pdf,Poster,"Mr. Ishfaq Bhat","Department of Phyiscs, Aligarh Muslim University"
vchoudhary,,,"Mr. Vishal Choudhary","Department of Physics, Indian Institute of Technology Roorkee"
smritiphy,,,"Dr. Smruti Patel","Government Science College^ Songadh^ Tapi, Veer Narmad South Gujarat University"
hemdeep,paper330.pdf,ThesisPoster,"Ms. Hemdeep Ms.","Department of Phyiscs, Panjab University"
laveenpv,paper325.pdf,Poster,"Mr. Laveen P V","Department of Physics, Central University of Kerala"
nithu,paper328.pdf,ThesisPoster,"Ms. Nithu Ashok","Department of Physics, University of Calicut"
barun,paper331.pdf,Poster,"Mr. Barun Slathia","Department of Physics, University of Jammu"
pramodk93,,,"Mr. Pramod Kumar","Department of Physics, Banaras Hindu University"
ashif_reza,paper332.pdf,Poster,"Dr. Ashif Reza","Department of Nuclear & Atomic Physics, Tata Institute of Fundamental Research"
shaista,paper388.pdf,Poster,"Ms. Shaista Khan","Department of Phyiscs, Aligarh Muslim University"
aman95,,,"Ms. Amandeep Kaur","Applied Sciences, Thapar Polytechnic College"
kasthuri,,,"Ms.  R Kasthuri","Department of Physics, Avinashilingam Deemed University for Women"
kawalpreet,paper342.pdf,Poster,"Ms. Kawalpreet Kalra","Amity Institute of Nuclear Science and Technology, Amity University^ Noida"
dr.goela,,,"Dr. Alpana Goel","Amity Institute of Nuclear Science and Technology, Amity University^ Noida"
sidy,paper344.pdf,Poster,"Mr. Siddarth Rai","Physics Department, Visva-Bharati"
rahul,paper361.pdf,Poster,"Mr. Rahul Chhabra","Department of Physics, Dr B. R. Ambedkar National Institute of Technology"
hajara,paper351.pdf,Poster,"Ms. K Hajara","Department of Physics, University of Calicut"
cosmosman,paper355.pdf,Poster,"Mr. Manish Rawat","Department of Physics, Indian Institute of Technology Roorkee"
ruchi,paper508.pdf,Poster,"Ms. Ruchi Mahajan","Department of Phyiscs, Panjab University"
shettyn93,paper410.pdf,Poster,"Ms. Nidhi Shetty","Department of Physics, The Maharaja Sayajirao University of Baroda"
dgrover,,,"Ms. Deepika Grover","Department of Physics, Banaras Hindu University"
vishalkmr,paper048.pdf,Poster,"Mr. Vishal Kumar","Applied Nuclear Physics Division, Saha Institute of Nuclear Physics"
8284085667,,,"Ms. Vaishali Guleria","Department of Physics, Chandigarh University"
kalyani,paper365.pdf,Poster,"Ms.  Kalyani","Department of Physics, Indian Institute of Technology Roorkee"
vhkher,paper370.pdf,Poster,"Mr. Virendrasinh Kher","Applied Physics Department^ Faculty of Technology & Engg., The M. S. University of Baroda"
bushraali,,,"Ms. Bushra Ali","Department of Phyiscs, Aligarh Muslim University"
subrat,paper392.pdf,Poster,"Mr. Subrat Biswal"," , Key Laboratory of Theoretical Physics"
debasishm,paper063.pdf,ThesisPoster,"Mr. Debasish Mondal","Physics Group, Variable Energy Cyclotron Centre"
smthakur,paper393.pdf,Poster,"Ms. Smriti Thakur","Department of Physics, Himachal Pradesh University"
saahila,paper401.pdf,Poster,"Ms. Sahila Chopra","Department of Phyiscs, Panjab University"
aniruddha,paper403.pdf,Poster,"Mr. Aniruddha Dey","Physics Department, Visva-Bharati"
malika,paper412.pdf,Poster,"Ms. Malika Kaushik","Physics, Indian Institute of Technology Ropar"
shashank14,paper415.pdf,Poster,"Mr. Shashank Singh","Department of Phyiscs, Panjab University"
aparajita7,paper421.pdf,Poster,"Ms. Aparajita Mazumdar","India-Based Neutrino Observatory, Tata Institute of Fundamental Research"
sandya,paper442.pdf,Poster,"Ms. Parabathula Sandya Devi","Nuclear Physics Department, Andhra Universtiy"
bijan,paper600.pdf,Poster,"Mr. Bijan Kumar Gangopadhyay","Department of Physics, Sovarani Memorial College"
ranidevi,paper448.pdf,Poster,"Dr. Rani Devi","Department of Physics, University of Jammu"
mayur,paper558.pdf,Poster,"Mr. Mayur Mehta","Department of Physics, The Maharaja Sayajirao University of Baroda"
ishita22,paper419.pdf,Poster,"Ms. Ishita Sharma","School of Physics & Material Science, Thapar University"
amandeep,paper565.pdf,Poster,"Ms. Amandeep Kaur","School of Physics & Material Science, Thapar University"
shivani,paper394.pdf,Poster,"Ms. Shivani Jain","School of Physics & Material Science, Thapar University"
kapilbhu,paper476.pdf,Poster,"Dr. Kapil Saraswat","Department of Physics, Banaras Hindu University"
farhantifr,paper477.pdf,Poster,"Mr. Farhan Sabir Babra","Department of Nuclear & Atomic Physics, Tata Institute of Fundamental Research"
krati,,,"Ms. Krati Gupta","Electronics Division, Bhabha Atomic Research Centre"
duggi,paper486.pdf,Poster,"Mr. D.V.G.R.K Siva Kumar","Nuclear Physics Department, Andhra Universtiy"
abhinav,paper487.pdf,Poster,"Mr.  Abhinav Kumar","Nuclear Physics Division, Bhabha Atomic Research Centre"
rnpanda,paper489.pdf,Poster,"Mr. Rabinarayan Panda","Department of Physics, ITER^ Siksha O Anusandhan University"
sabir,paper492.pdf,Poster,"Mr. Sabir Ali","Darbhanga Polytechnic, Maulana Azad National Urdu University"
awadh_81,paper520.pdf,Poster,"Mr. Awadh Singh","Technical Physics Division, Bhabha Atomic Research Centre"
muttu,paper506.pdf,Poster,"Mr. Mutturaj Hosamani","Department of Physics, Karnatak University"
pingaldg,paper562.pdf,Poster,"Mr. Pingal Dasgupta","Theoretical Physics Division, Variable Energy Cyclotron Centre"
suryoday,paper525.pdf,Poster,"Mr. Nishant Kumar","Nuclear Physics Division, Bhabha Atomic Research Centre"
sushil.phy,paper537.pdf,Poster,"Mr. Sushil Kumar","Nuclear Physics Group, Inter University Accelerator Centre"
divyanair,paper573.pdf,Poster,"Ms. Divya Divakaran","Nuclear Physics Division, Bhabha Atomic Research Centre"
rohit708,paper532.pdf,Poster,"Mr. Rohit Kumar","Department of Phyiscs, Panjab University"
ekatanandy,paper620.pdf,Poster,"Ms. Ekata Nandy","Experimental High Energy Physics and Applications Group, Variable Energy Cyclotron Centre"
khaki,paper548.pdf,Poster,"Mr. Ishtiaq Ahmed","Nuclear Physics Group, Inter University Accelerator Centre"
bhargav,paper184.pdf,Poster,"Mr. Bhargav Soni","Department of Physics, The M. S. University of Baroda"
indu,,,"Ms. Indu Bala"," , Inter University Accelerator Centre"
akashrup,paper579.pdf,Poster,"Mr. Akashrup Banerjee","Department of Physics & Astrophysics, University of Delhi"
efragiac,paper686.pdf,Unknown,"Dr. Enrico Fragiacomo","Sezione Trieste, Istituto Nazionale Fisica Nucleare"
dinesh,paper582.pdf,Poster,"Mr. Dinesh Negi","Physics, Centre for Excellence in Basic Sciences"
mitul,paper654.pdf,ThesisPoster,"Mr. Morker Mitulkumar","Department of Physics, Veer Narmad South Gujarat University"
sibsankar,paper583.pdf,Poster,"Mr. S. S. Sikder","Electronics Division, Bhabha Atomic Research Centre"
prateek,paper613.pdf,Poster,"Mr. Prateek Arora","Department of Physics & Astrophysics, University of Delhi"
angadaria1,paper631.pdf,Poster,"Mr. Akshay N Gadaria","Applied Physics Department^ Faculty of Technology & Engg., The M. S. University of Baroda"
manoj,paper005.pdf,Poster,"Mr. Manoj Kumar Singh","Department of Physics, Banaras Hindu University"
maheshji,paper247.pdf,Poster,"Mr. Mahesh Kumar"," , S. V. College"
midhuncv,paper371.pdf,Poster,"Mr. C.V Midhun","Department of Physics, University of Calicut"
abhi@123,paper425.pdf,Poster,"Mr. Abhijit  Roy","Instrumentation for Space Exploration, Indian Centre for Space Physics"
preet2012,paper199.pdf,Poster,"Ms. Manpreet Kaur"," , Institute of Physics"
kokilaphy,paper268.pdf,Poster,"Ms. C Kokila","Department of Phyics, Bharathiar University"
karthi,paper251.pdf,Poster,"Ms. C Karthika","Department of Phyics, Bharathiar University"
mkakavand,paper626.pdf,Poster,"Prof. Tayeb Kakavand","Physics, Imam Khomeini International University"
deepak,paper090.pdf,Poster,"Dr. Deepak Pandit","Physics Group, Variable Energy Cyclotron Centre"
keerthika,,,"Ms. B Keerthika","Department of Physics, Avinashilingam Deemed University for Women"
kabana,,,"Prof. Sonia Kabana","Plasma, Subatech"
monica,,,"Ms.  Monica","Department of Physics, Dr B. R. Ambedkar National Institute of Technology"
anshul,,,"Mr. Anshul Dadwal","Department of Physics, Dr B. R. Ambedkar National Institute of Technology"
srish1610,,,"Ms. Srishti Nagu","Department of Physics, University of Lucknow"
pankaj,,,"Mr. Pankaj Giri","Department of Physics, Central University of Jharkhand^ Brambe"
sameer,,,"Mr. Sameer Bhatt","Nuclear Physics Division, Bhabha Atomic Research Centre"
mahen1603,,,"Mr. Mahendra Kushwaha","Nuclear Physics Division, Bhabha Atomic Research Centre"
smritiphys,paper295.pdf,Poster,"Ms. Smruti Patel","Government Science College^ Songadh^ Tapi, Veer Narmad South Gujarat University"
aattri,paper549.pdf,Poster,"Ms. Anjali Attri","Department of Phyiscs, Panjab University"
sonia,paper616.pdf,Poster,"Ms. Sonia Parmar","Department of Phyiscs, Panjab University"
anjali217,,,"Ms. Anjali Sharma","Department of Phyiscs, Panjab University"
kundan30,,,"Mr. Kundan Kumar Vishwakarma","School of Physics & Material Science, Thapar University"
shamlath,paper655.pdf,ThesisPoster,"Ms. Shamlath  A","Department of Physics, Central University of Kerala"
ratindra03,,,"Mr. Ratindra Gautam","Department of Applied Physics, Babasaheb Bhimrao Ambedkar University"
anil,,,"Dr. Anil Kumar","Department of Applied Science (Physics), Dr. Abdul Kalam Technical University"
devesh,paper605.pdf,Poster,"Mr. Devesh Kumar","Physics Group, Variable Energy Cyclotron Centre"
ashkumar,,,"Prof. A. K. Jain","Amity Institute of Nuclear Science and Technology, Amity University^ Noida"
swatigarg,paper649.pdf,ThesisPoster,"Ms.  Swati","Department of Physics, Indian Institute of Technology Roorkee"
jagbir,,,"Mr. Jagbir Singh","Department of Phyiscs, Panjab University"
shashank,paper021.pdf,Poster,"Dr. Shashank Bhatnagar","Department of Physics, Chandigarh University"
uday,paper115.pdf,Poster,"Mr. Uday Shankar Ghosh","Physics Department, Visva-Bharati"
kironmoy,paper424.pdf,Poster,"Mr. Kironmoy Mandal","Physics Department, Visva-Bharati"
amit123,paper366.pdf,Poster,"Mr. Amit Kumar Mondal","Physics Department, Visva-Bharati"
snehalinda,,,"Ms. Sneha Linda","Centre for Applied Physics, Central University of Jharkhand"
piyasi,paper516.pdf,Poster,"Ms. Piyasi Biswas","Nuclear Physics Division, Saha Institute of Nuclear Physics"
shana,paper465.pdf,Poster,"Ms. A.T. Fathima Shirin Shana","Department of Physics, University of Calicut"
saniya,paper218.pdf,Poster,"Ms. Saniya Monga","Department of Physics, Guru Nanak Dev University"
mahfuzur01,paper101.pdf,Poster,"Mr. Mahfuzur Rahaman","Physics Group, Variable Energy Cyclotron Centre"
gulshan,paper420.pdf,Poster,"Dr. Gulshan Mahajan","Physics, Government College"
nehasharma,paper289.pdf,Poster,"Ms. Neha Sharma","Applied Sciences, C. T. Institute of Engineering^ Management Andtechnology"
crpraharaj,,,"Prof. C. R. Praharaj"," , Institute of Physics"
tasleem,paper141.pdf,Poster,"Mr. Tasleem Ahmad Siddiqui","Department of Phyiscs, Aligarh Muslim University"
aqphy,paper457.pdf,Poster,"Mr. Abdul Quddus ","Department of Phyiscs, Aligarh Muslim University"
sun123,paper024.pdf,Poster,"Mr. Sunil Dutt","Department of Phyiscs, Aligarh Muslim University"
marooz,,,"Mr. Salman Khurshid Malik","Department of Physics, University of Jammu"
amrendra,,,"Mr. Amrendra  Kumar","Department of Physics, University of Lucknow"
rajdeep,,,"Dr. Rajdeep Chatterjee","Department of Physics, Indian Institute of Technology Roorkee"
nisha,,,"Ms. Nisha Chauhan","Department of Physics, Veer Narmad South Gujarat University"
appu,paper475.pdf,Poster,"Mr. Appannababu S","Nuclear Physics Department, Andhra Universtiy"
saumi,paper007.pdf,Poster,"Ms. Saumi Dutta","Department of Physics, University of Calcutta"
farhana,paper414.pdf,Poster,"Ms. Farhana Zaidi","Department of Phyiscs, Aligarh Muslim University"
kpanjali,,,"Ms. Anjali K P","Department of Physics, Govt. Brennen College"
dharmesh,paper657.pdf,ThesisPoster,"Mr. Dharmesh Rathaud","Applied Physics Department, Sardar Vallabhbhai National Institute of Technology"
sbhoi,paper263.pdf,Poster,"Ms. Swagatika Bhoi","Department of Physics, Sambalpur University"
rebecca,paper658.pdf,ThesisPoster,"Ms. Rebecca Pachuau","Department of Physics, Mizoram University"
imran08amu,paper628.pdf,Poster,"Mr. Mohd Imran","Department of Phyiscs, Aligarh Muslim University"
gurpreet,paper427.pdf,Poster,"Ms. Gurpreet Kaur","Nuclear Physics Group, Inter University Accelerator Centre"
satvir,paper279.pdf,Poster,"Ms. Satvir Kaur","Department of Physics, Dr B. R. Ambedkar National Institute of Technology"
swati,paper039.pdf,Poster,"Ms. Swati Modi","Department of Physics, Indian Institute of Technology Roorkee"
poosie,,,"Ms.  Pooja","Department of Physics, Indian Institute of Technology Roorkee"
rbs59,,,"Ms. Sheta Rina","Department of Physics, Veer Narmad South Gujarat University"
jignasha,,,"Ms. Jignasha Patel","Department of Physics, Veer Narmad South Gujarat University"
bjroy,,,"Prof. B.J. Roy","Nuclear Physics Division, Bhabha Atomic Research Centre"
puttu,paper577.pdf,Poster,"Mr. Prashant Patil","Department of Physics, Karnatak University"
eryk,paper684.pdf,Unknown,"Dr. Eryk Czerwinski","Institute of Physics, Jagiellonian University"
shrutiphy,paper530.pdf,Poster,"Ms.  Shruti","Department of Phyiscs, Panjab University"
sarbjeet,paper196.pdf,Poster,"Ms. Kaur Sarbjeet"," , Sri Guru Granth Sahib World University"
pcr0123,,,"Mr. Prakash Chandra Rout","Nuclear Physics Division, Bhabha Atomic Research Centre"
ajcudae11,,,"Dr. Antony Joseph","Department of Physics, University of Calicut"
praviphy,paper165.pdf,Poster,"Mr. Praveen P D Souza","Physics, St. Philomena College"
apm76,paper346.pdf,Poster,"Mr. Antony Prakash Monteiro","Physics, St. Philomena College"
kant,paper148.pdf,Poster,"Mr. Rishi Saxena","Department of Physics, B S a (Pg) College / Dr. B R Ambedkar University^ Agra"
be_pandya,paper127.pdf,Poster,"Ms. Bhoomika Pandya","Department of Physics, Sardar Patel University"
nirali,paper098.pdf,Poster,"Ms. Nirali Bhavsar","Department of Physics, Sardar Patel University"
om4143,paper574.pdf,Poster,"Mr. Omveer Singh","Department of Phyiscs, Aligarh Muslim University"
syama,paper522.pdf,Poster,"Ms. Syama G Nair","Department of Physics, University of Calicut"
sijim,paper509.pdf,Poster,"Ms. Siji M","Department of Physics, University of Calicut"
kishor,,,"Mr. Kishor Chandra Naik","Department of Physics, Siksha ~O~ Anusandhan University"
abhik,paper070.pdf,Poster,"Dr. Abhik Jash","School of Physical Sciences, National Institute of Science Education and Research^ Hbni"
bijurk,paper130.pdf,Poster,"Mr. R. K. Biju","Department of Physics, Pazhassi Raja n.s.s College^ Mattanur"
prathapan,,,"Prof. K Prathapan","Department of Physics, Govt. Brennen College"
jeenask,paper380.pdf,Poster,"Ms. S.K Jeena","Department of Physics, University of Calicut"
sumandeb,paper020.pdf,Poster,"Mr. Suman Deb","Department of Physics, Indian Institute of Technology Indore"
anupriya85,paper194.pdf,Poster,"Ms. Anupriya Sharma","Department of Physics, Himachal Pradesh University"
srath,paper296.pdf,Poster,"Ms. Shubhalaxmi Rath","Department of Physics, Indian Institute of Technology Roorkee"
nehananda,,,"Ms. Neha Rani","Physics Department, DCR University of Science and Technology "
nanditapan,paper560.pdf,Poster,"Dr. Tapan  Nandi"," , Inter University Accelerator Centre"
ummukulsu,paper472.pdf,Poster,"Ms. E. Ummukulsu","Department of Physics, University of Calicut"
mujeeb,paper292.pdf,Poster,"Mr. Mujeeb Hasan","Department of Physics, Indian Institute of Technology Roorkee"
gmohanto,paper266.pdf,Poster,"Ms. Gayatri Mohanto","Nuclear Physics Division, Bhabha Atomic Research Centre"
amit77,,,"Mr. Amit Kumar Chauhan","Department of Physics, Indian Institute of Technology Roorkee"
lars,paper676.pdf,Unknown,"Dr. Lars Von Der Wense","Physics, Ludwig-Maximilians-University Munich"
smehta,paper555.pdf,Poster,"Ms. Shaifali Mehta","Physics, Physikalisches Institut- Eberhard Karls Universitat TüBingen"
yashkumar,paper281.pdf,Poster,"Mr. Yash Kumar"," , Inter University Accelerator Centre"
kusuma,paper302.pdf,Poster,"Ms. M Kusuma","Physics, K. S. School of Engineering and Management"
shashibhu,,,"Mr. Shashi Shekher Tiwary","Department of Physics, Banaras Hindu University"
preethi,paper358.pdf,ThesisPoster,"Ms. M.K Preethi Rajan","P G Department of Physics & Research Centre, Payyanur College"
nchug,,,"Ms. Neha Chug","Department of Phyiscs, Panjab University"
kavitar,paper398.pdf,Poster,"Ms. Kavita Rani","Department of Phyiscs, Panjab University"
vkr.singh,paper327.pdf,Poster,"Mr. Vivek Kumar Singh","Experimental High Energy Physics and Applications Group, Variable Energy Cyclotron Centre"
misthi02,,,"Ms. Gayatri Sarkar","Department of Physics, Indian Institute of Technology Roorkee"
ashukla79,paper143.pdf,Poster,"Dr. Amritanshu Shukla"," , Rajiv Gandhi Institute of Petroleum Technology"
chandrani,,,"Ms. Chandrani Majumder","Department of Physics, Banaras Hindu University"
gnaveya,paper080.pdf,Poster,"Ms. G. Naveya","Department of Nuclear Physics, University of Madras"
aspradeep,paper091.pdf,Poster,"Dr. Arasada Srinivasa Pradeep","Department of Physics, Apiiit-R K Valley"
hsharma,paper282.pdf,Poster,"Mr. Saikat Chakraborty","Department of Physics, Banaras Hindu University"
kushmakshi,,,"Ms.  Kushmakshi","Physics and Astronomical Sciences, Central University of Himachal Pradesh"
daeanil,,,"Mr. Anil Khachi","Physics and Astronomical Sciences, Central University of Himachal Pradesh"
divyaarora,paper061.pdf,Poster,"Ms. Divya Arora","Nuclear Physics Group, Inter University Accelerator Centre"
kkaushik,paper531.pdf,Poster,"Mr. Kaushik Katre","Nuclear Physics Group, Inter University Accelerator Centre"
mithu12$,,,"Mr. Himanshu Sharma","Physics and Astronomical Sciences, Central University of Himachal Pradesh"
gsarwar,paper118.pdf,Poster,"Mr. Golam Sarwar","Department of Physics, Indian Institute of Technology Indore"
singhrk,paper544.pdf,Poster,"Mr. Ratankumar Singh","Department of Physics, The Maharaja Sayajirao University of Baroda"
singh.moti,paper274.pdf,Poster,"Dr. Moti Singh","Department of Physics , Greater Noida Institute of Technology"
pankaj@hpu,paper309.pdf,Poster,"Mr. Pankaj Kumar","Department of Physics, Himachal Pradesh University"
ajaykumar,,,"Dr. Ajay Kumar Rai","Applied Physics Department, Sardar Vallabhbhai National Institute of Technology"
madhuriphy,paper206.pdf,Poster,"Ms. K. Madhuri","Department of Physics, Sambalpur University"
sppphy,,,"Mr. Sanjay Prasad Pattnaik","Department of Physics, Sambalpur University"
chingi,paper276.pdf,Poster,"Mr. Yuvraj Singh","Department of Physics , Govt College"
manishak,paper319.pdf,Poster,"Ms. Manisha Kumari","Department of Physics, Dr B. R. Ambedkar National Institute of Technology"
vikas85,paper064.pdf,Poster,"Mr. Vikas Kumar","Physics, Central University of Kashmir Srinagar "
uttamp,paper505.pdf,Poster,"Dr. U. K. Pal","Nuclear Physics Division, Bhabha Atomic Research Centre"
rupak,,,"Prof. Rupak Mahapatra","Nuclear Physics, Cyclotron Institute^ Texas a&M University"
pragya,paper399.pdf,Poster,"Prof. Pragya Das","Physics, Indian Institute of Technology Bombay"
nkumar,paper480.pdf,Poster,"Mr. Neeraj Kumar","Department of Physics & Astrophysics, University of Delhi"
amritraj,,,"Mr. Amritraj Mahato","Department of Physics, Central University of Jharkhand^ Brambe"
rasehgal,paper479.pdf,Poster,"Mr. Raman Sehgal","Nuclear Physics Division, Bhabha Atomic Research Centre"
harun,,,"Mr. Harun Al Rashid","Department of Physics, Gauhati University"
ykgupta,paper567.pdf,Poster,"Mr. Y. K. Gupta","Nuclear Physics Division, Bhabha Atomic Research Centre"
msilarski,paper674.pdf,Unknown,"Dr. Michal Silarski","Institute of Physics, Jagiellonian University"
pbano786,,,"Ms. Parveen Bano","Department of Physics, Sambalpur University"
ranjannn,,,"Mr. Ranjan Sariyal","Department of Phyiscs, Panjab University"
rajgupta,,,"Mr.  Raj Kumar","Spms, Thapar Institute of Engineering and Technology"
rankasahu,paper129.pdf,Poster,"Prof. R. Sahu"," , National Institute of Science and Technology"
manan,paper139.pdf,Poster,"Mr. Manan Shah","Department of Physics, Sardar Patel University"
somsundar,paper469.pdf,Poster,"Dr. Somsundar Mukhopadhyay","Nuclear Physics Division, Bhabha Atomic Research Centre"
shefalip,paper154.pdf,Poster,"Ms. Shefali Prabhakar","Department of Physics, Guru Nanak Dev University"
meenu,paper449.pdf,Poster,"Ms. Meenu Thakur","Department of Phyiscs, Panjab University"
ritwika,,,"Dr. Ritwika Chakrabarti","Department of Physics, University of Mumbai"
vvparkar,,,"Dr. Vivek Parkar","Nuclear Physics Division, Bhabha Atomic Research Centre"
sanat,paper405.pdf,Poster,"Mr. Sanat Kumar Pandit","Nuclear Physics Division, Bhabha Atomic Research Centre"
panghal005,paper111.pdf,Poster,"Dr. Pardeep Singh","Department of Physics, Deenbandhu Chhotu Ram University of Science and Technology"
akhil,paper450.pdf,Poster,"Mr. Akhil Jhingan","Nuclear Physics Group, Inter University Accelerator Centre"
ravinder,paper610.pdf,Poster,"Dr. Ravinder Kumar","Department of Physics, Deenbandhu Chhotu Ram University of Science and Technology"
mydixit,,,"Mr. Makarand Dixit","Accelerator Control Division, Bhabha Atomic Research Centre"
sskaintura,,,"Mr. Sanjeet Kaintura","Department of Physics, Indian Institute of Technology Roorkee"
baidya93,paper586.pdf,Poster,"Mr. Baidyanath Sahoo","Department of Physics, Indian Institute of Technology Bombay"
msharma,,,"Dr. Manoj Sharma","Spms, Thapar Institute of Engineering and Technology"
rhinekumar,paper642.pdf,Poster,"Mr.  Rhine Kumar.A.K","Department of Physics, Cochin University of Science and Technology"
scbhu,,,"Mr. Saikat Chakraborty","Department of Physics, Banaras Hindu University"
dipayan,paper123.pdf,Poster,"Mr. Dipayan Chattopadhyay","Nuclear Physics Division, Bhabha Atomic Research Centre"
dhindsa_ss,paper611.pdf,Poster,"Dr. Sukhjeet Dhindsa","Physics, Akal University"
tarun,,,"Dr. Tarun Kumar Jha"," , Birla Institute of Technology & Science Pilani"
kharabraj,paper142.pdf,Poster,"Dr. Rajesh Kharab","Department of Physics, Kurukshetra University"
dipali@123,,,"Ms. Dipali Basak","Nuclear Physics Division, Saha Institute of Nuclear Physics"
rinku123,,,"Mr. Rinku Kumar Prajapat","Department of Physics, Indian Institute of Technology Roorkee"
jaideep,,,"Mr.  Jaideep","Physics Department, DCR University of Science and Technology "
usuf,paper113.pdf,Poster,"Mr. Usuf Rahaman","Department of Phyiscs, Aligarh Muslim University"
sroy,,,"Mr. Shibasis Roy","Theoretical Physics, The Institute of Mathematical Sciences"
kaur@123,paper145.pdf,Poster,"Ms. Devinder Pal  Kaur","Department of Phyiscs, Panjab University"
jayesh,,,"Mr. Jayesh George Joseph","Physics, Kannur University"
sat1994,paper523.pdf,Poster,"Ms. Sathi Sharma","Nuclear Physics Division, Saha Institute of Nuclear Physics"
musthafa,,,"Dr. Mohamed Musthafa","Department of Physics, University of Calicut"
rajeswari,paper576.pdf,Poster,"Ms. N.S. Rajeswari","Department of Physics, Avinashilingam Deemed University for Women"
shiba,paper323.pdf,Poster,"Mr. Shiba Prasad Behera","Nuclear Physics Division, Bhabha Atomic Research Centre"
greentree,paper343.pdf,Poster,"Ms. Poulomi Roy","Physics, Centre for Excellence in Basic Sciences"
shilpi,paper474.pdf,Poster,"Ms. Shilpi Gupta"," , Homi Bhabha National Institute"
indira,paper015.pdf,Poster,"Ms. G Indira ","Physics , Government College of Engineering "
smukh3,,,"Dr. Sharmistha Mukhopadhyay","Departments of Chemistry and Physics & Astronomy, University of Kentucky"
sujit,,,"Dr. S.K. Tandel","School of Physical Sciences, Um-Dae Centre for Excellence in Basic Sciences"
smruti,paper320.pdf,Poster,"Ms. Smruti Smita Lenka","Physics , Birla Institute of Technology & Science^ Pilani"
wasim,paper461.pdf,Poster,"Mr. Wasim Raja Sk","Radiochemistry Division, Bhabha Atomic Research Centre"
sujan.kr,paper028.pdf,Poster,"Mr. Sujan Kumar Roy","Physics Group, Variable Energy Cyclotron Centre"
tanmoy_bar,,,"Mr. Tanmoy Bar","Nuclear Physics Division, Saha Institute of Nuclear Physics"
brij,,,"Mr. Brij Kishor Jashal Jashal","Department of High Energy Physics, Tata Institute of Fundamental Research"
jyotsna,,,"Dr. Jyotsna Singh","Department of Physics, University of Lucknow"
himanshu14,,,"Mr. Himanshu Singh","Department of Physics, Indian Institute of Technology Bombay"
sangeetad,,,"Ms. Sangeeta Dhuri","Nuclear Physics Division, Bhabha Atomic Research Centre"
suvronil,,,"Mr. Suvronil Chatterjee","Nuclear Physics Group, Ugc Dae Csr^ Kolkata Centre"
srathi,paper625.pdf,Poster,"Dr. Sarla Rathi","Physics Department, Ves College of Arts^ Science & Commerce"
kmahata,paper485.pdf,Poster,"Dr. K. Mahata","Nuclear Physics Division, Bhabha Atomic Research Centre"
viyogi,,,"Dr. Y. P. Viyogi"," , Variable Energy Cyclotron Centre^ "
khole,,,"Mr. Shailesh Khole","Accelerator Control Division, Bhabha Atomic Research Centre"
prithwi,paper396.pdf,Poster,"Ms. Prithwijita Ray","Nuclear Physics Division, Saha Institute of Nuclear Physics"
anik91,paper550.pdf,Poster,"Mr. Anik Adhikari","Physics, Indian Institute of Engineering Science and Technology"
rajkumar,paper589.pdf,Poster,"Mr. Rajkumar Santra","Nuclear Physics Division, Saha Institute of Nuclear Physics"
ananyadas,,,"Ms. Ananya Das","Physics, Indian Institute of Engineering Science and Technology"
navjot89,paper634.pdf,Poster,"Ms. Navjot Kaur","Spms, Thapar Institute of Engineering and Technology"
aksinha,,,"Prof. A. K. Sinha"," , UGC-DAE Consortium for Scientific Research"
ashok4193,,,"Mr. Ashok Kr Mondal","Nuclear Physics Division, Saha Institute of Nuclear Physics"
rozina,,,"Ms. Rozina Rahaman","Physics, Indian Institute of Engineering Science and Technology"
chhavi,paper570.pdf,Poster,"Ms. Chhavi Joshi","Department of Physics, The Maharaja Sayajirao University of Baroda"
sanket67,,,"Ms. Zarana Baraiya","Department of Physics, Veer Narmad South Gujarat University"
p@2802,paper094.pdf,Poster,"Ms. Pooja Kaushal","Department of Phyiscs, Panjab University"
davinder,paper224.pdf,Poster,"Mr. Davinder Siwal","Department of Phyiscs, Panjab University"
chauhan,,,"Ms. Kavita Chauhan","Department of Physics, Kurukshetra University"
pareek09,paper466.pdf,Poster,"Ms. Pooja Pareek","Experimental High Energy Physics and Applications Group, Variable Energy Cyclotron Centre"
safooradae,,,"Ms. Safoora V","School of Pure and Applied Physics, Kannur University"
jyotiana,,,"Dr. Anagha Chakraborty","Physics Department, Visva-Bharati"
madhulika,paper103.pdf,Poster,"Dr. Madhulika Mehrotra","Department of Physics, University of Lucknow"
s.thakur,paper237.pdf,Poster,"Ms. Suman Thakur","Department of Physics, Himachal Pradesh University"
abhi7173,paper379.pdf,Poster,"Mr. Abhijit Garai","India-Based Neutrino Observatory, Tata Institute of Fundamental Research"
rpsdae10,,,"Mr. R. P. Singh","Nuclear Physics Group, Inter University Accelerator Centre"
singhbk,,,"Prof. B K Singh","Department of Physics, Banaras Hindu University"
yashu7321,paper581.pdf,Poster,"Mr.  Yashraj","Nuclear Physics Group, Inter University Accelerator Centre"
tina7777,,,"Ms.  Gonika","Nuclear Physics Group, Inter University Accelerator Centre"
sschadmand,paper676.pdf,Unknown,"Dr. Susan Schadmand"," , Institut fuer Kernphysik and Juelich Centre for Hadron Physics"
tumino,,,"Prof. Aurora Tumino"," , Kore University of Enna & Infn-Lns Catania"
sapkota,,,"Mr. Yajnya Sapkota","Physics, Indian Institute of Engineering Science and Technology"
arkabrata,paper162.pdf,Poster,"Mr. Arkabrata Gupta","Physics, Indian Institute of Engineering Science and Technology"
s.sarkar,paper468.pdf,Poster,"Mr. Shahariar Sarkar","Physics, Indian Institute of Technology Ropar"
rnsahoo4,paper213.pdf,Poster,"Mr. Rudra Narayan Sahoo","Physics, Indian Institute of Technology Ropar"
bcchep,,,"Prof. Brajesh Chandra Choudhary","Department of Physics & Astrophysics, University of Delhi"
venkatraya,paper304.pdf,Poster,"Mr.  Venkataraya","Physics, Vijaya College"
soumen123,paper082.pdf,Poster,"Mr. Soumen Nandi","Experimental Physics Group, Variable Energy Cyclotron Centre"
chetna123,,,"Ms. Chetna Khanna","Department of Physics, Kurukshetra University"
ajaydeo,,,"Dr. Ajay Y. Deo","Department of Physics, Indian Institute of Technology Roorkee"
artigupta,paper164.pdf,Poster,"Ms. Arti Gupta"," , Inter University Accelerator Centre"
somnath,paper409.pdf,Poster,"Mr. Somnath Nag"," , Indian Institute of Technology Bhu"
santhosh,paper694.pdf,Unknown,"Dr. K.P. Santhosh","School of Pure and Applied Physics, Kannur University"
nand09067,paper372.pdf,Poster,"Mr. Nand Kishor Mishra","Nuclear Physics Division, Bhabha Atomic Research Centre"
dipshikha,paper528.pdf,Poster,"Ms. Dipshikha  Choudhury ","Physics, b.p.poddar Institute of Management & Technology"
iuac1,paper178.pdf,Poster,"Mr.  Saneesh","Nuclear Physics Group, Inter University Accelerator Centre"
navin,,,"Dr. A. Navin"," , Grand Accelerateur National d~Ions Lourds"
anilgouri1,paper572.pdf,Poster,"Dr. Anil Kumar Gourishetty","Department of Physics, Indian Institute of Technology Roorkee"
rono,,,"Mr. Roni Dey","Nuclear Physics Division, Bhabha Atomic Research Centre"
saikatb92,paper503.pdf,Poster,"Mr. Saikat Bhattacharjee","Nuclear Physics Division, Saha Institute of Nuclear Physics"
raghubir@1,,,"Mr. Raghubir Kumar Prajapati","Department of Physics, Tilakdhari Postgraduate College"
varchaswi,paper225.pdf,Poster,"Mr. Varchaswi Kashyap","School of Physical Sciences, National Institute of Science Education and Research^ Hbni"
akvarshney,,,"Dr. A.K. Varshney","Physics, Govt College"
pandey,paper267.pdf,Poster,"Ms. Jyoti Pandey","Department of Physics, G. B. Pant University"
ssgodre,paper436.pdf,Poster,"Dr. S. S. Godre","Department of Physics, Veer Narmad South Gujarat University"
murali,,,"Mr. S. Muralithar","Nuclear Physics Group, Inter University Accelerator Centre"
vsingh,paper124.pdf,Poster,"Mr. Vinay Singh","Accelerator Physics Group, Variable Energy Cyclotron Centre"
ssantra,,,"Dr. Satyaranjan Santra","Nuclear Physics Division, Bhabha Atomic Research Centre"
anjali010,,,"Prof. Anjali Mukherjee","Nuclear Physics Division, Saha Institute of Nuclear Physics"
harphool,,,"Dr. Harphool Kumawat","Nuclear Physics Division, Bhabha Atomic Research Centre"
chandana,,,"Dr. Chandana Bhattacharya","Physics Group, Variable Energy Cyclotron Centre"
subirnath,,,"Mr. Subir Nath","Nuclear Physics Group, Inter University Accelerator Centre"
numerical,paper501.pdf,Poster,"Mr. Ajay Kumar","Department of Physics, Banaras Hindu University"
tkrana,paper564.pdf,Poster,"Mr. Tapan Kumar Rana","Physics Group, Variable Energy Cyclotron Centre"
shilpa,paper150.pdf,Poster,"Ms. S.P. Shilpashree","Physics, Christ University"
aksikdar,paper216.pdf,Poster,"Mr. Arindam Kumar Sikdar","Experimental Physics Group, Variable Energy Cyclotron Centre"
sahakinkar,paper513.pdf,Poster,"Mr. Kinkar Saha","Department of Physics, University of Calcutta"
rupinder,paper470.pdf,Poster,"Ms. Rupinder Kaur","Department of Physics, Punjabi University"
kumarrajiv,paper280.pdf,Poster,"Mr. Rajiv Kumar","Department of Physics, Govt College for Women"
prath,paper112.pdf,Poster,"Mr. Prasanta Rath","Manipal Centre for Natural Sciences, Manipal University"
mnandy07,paper052.pdf,Poster,"Prof. Maitreyee Nandy","Chemical Sciences Division, Saha Institute of Nuclear Physics"
anamika_p,,,"Ms. Anamika Parihari","Nuclear Physics Group, Inter University Accelerator Centre"
madhavnsc,,,"Mr. N Madhavan","Nuclear Physics Group, Inter University Accelerator Centre"
edayillam,,,"Mr. E. Prasad","Department of Physics, Central University of Kerala"
jithinbp,paper153.pdf,Poster,"Mr. Jithin Bhagavathi","Physics and Astronomical Sciences, Central University of Himachal Pradesh"
amar,paper603.pdf,Poster,"Mr.  Amarnadh R U","Department of Physics, University College"
hariom,,,"Mr.  Hariom","Nuclear Physics Division, Bhabha Atomic Research Centre"
swagato,paper174.pdf,Poster,"Mr. Swagata Mallik","Physics Group, Variable Energy Cyclotron Centre"
bivash,paper669.pdf,Unknown,"Dr. Bivash Ranjan Behera","Department of Phyiscs, Panjab University"
mvenaruzzo,,,"Dr. Massimo Venaruzzo"," , Caen Spa"
samit01,,,"Dr. Samit Kr. Mandal","Department of Physics & Astrophysics, University of Delhi"
pawan,,,"Dr. Pawan Kumar Netrakanti","Nuclear Physics Division, Bhabha Atomic Research Centre"
dipakk,,,"Dr. D K  Mishra","Nuclear Physics Division, Bhabha Atomic Research Centre"
mala10,,,"Dr. Mala Das","Astroparticle Physics & Cosmology, Saha Institute of Nuclear Physics"
arunv,,,"Dr. V Arunprasath"," , The Institute of Mathematical Sciences"
puspita,paper301.pdf,Poster,"Ms. Puspita Ray","Instrumentation & Applied Physics, Indian Institute of Science"
jjdas,,,"Dr. Jiban Jyoti Das","National Superconducting Cyclotron Laboratory, Michigan State University"
bhanu,,,"Ms. Bhawna Pandey","Department of Physics, G. B. Pant University"
kousik,,,"Mr. Kousik Naskar","Department of Physics, Indian Institute of Technology Bombay"
arshadhep,,,"Dr. Arshad Kamal","Department of Physics,  Shibli National Pg College"
venktesh,paper043.pdf,Poster,"Dr. Venktesh Singh","Department of Physics,  School of Physical & Chemical Sciences"
ishfaq333,paper317.pdf,Poster,"Mr. Ishfaq Ahmad Rather","Department of Phyiscs, Aligarh Muslim University"
sushil.phy,paper537.pdf,Poster,"Mr. Sushil Kumar","Nuclear Physics Group, Inter University Accelerator Centre"
rahul720,,,"Mr. Rahul Pandey","Department of Physics, K. J. Somaiya College of Science and Commerce"
ishfaq333,paper317.pdf,Poster,"Mr. Ishfaq Ahmad Rather","Department of Phyiscs, Aligarh Muslim University"
bushraali,,,"Ms. Bushra Ali","Department of Phyiscs, Aligarh Muslim University"
suhailtali,paper209.pdf,Poster,"Mr. Suhail Ahmad Tali","Department of Phyiscs, Aligarh Muslim University"
